date,value
27/06/2005,1190.689941
28/06/2005,1201.569946
29/06/2005,1199.849976
30/06/2005,1191.329956
1/07/2005,1194.439941
5/07/2005,1204.98999
6/07/2005,1194.939941
7/07/2005,1197.869995
8/07/2005,1211.859985
11/07/2005,1219.439941
12/07/2005,1222.209961
13/07/2005,1223.290039
14/07/2005,1226.5
15/07/2005,1227.920044
18/07/2005,1221.130005
19/07/2005,1229.349976
20/07/2005,1235.199951
21/07/2005,1227.040039
22/07/2005,1233.680054
25/07/2005,1229.030029
26/07/2005,1231.160034
27/07/2005,1236.790039
28/07/2005,1243.719971
29/07/2005,1234.180054
1/08/2005,1235.349976
2/08/2005,1244.119995
3/08/2005,1245.040039
4/08/2005,1235.859985
5/08/2005,1226.420044
8/08/2005,1223.130005
9/08/2005,1231.380005
10/08/2005,1229.130005
11/08/2005,1237.810059
12/08/2005,1230.390015
15/08/2005,1233.869995
16/08/2005,1219.339966
17/08/2005,1220.23999
18/08/2005,1219.02002
19/08/2005,1219.709961
22/08/2005,1221.72998
23/08/2005,1217.589966
24/08/2005,1209.589966
25/08/2005,1212.369995
26/08/2005,1205.099976
29/08/2005,1212.280029
30/08/2005,1208.410034
31/08/2005,1220.329956
1/09/2005,1221.589966
2/09/2005,1218.02002
6/09/2005,1233.390015
7/09/2005,1236.359985
8/09/2005,1231.670044
9/09/2005,1241.47998
12/09/2005,1240.560059
13/09/2005,1231.199951
14/09/2005,1227.160034
15/09/2005,1227.72998
16/09/2005,1237.910034
19/09/2005,1231.02002
20/09/2005,1221.339966
21/09/2005,1210.199951
22/09/2005,1214.619995
23/09/2005,1215.290039
26/09/2005,1215.630005
27/09/2005,1215.660034
28/09/2005,1216.890015
29/09/2005,1227.680054
30/09/2005,1228.810059
3/10/2005,1226.699951
4/10/2005,1214.469971
5/10/2005,1196.390015
6/10/2005,1191.48999
7/10/2005,1195.900024
10/10/2005,1187.329956
11/10/2005,1184.869995
12/10/2005,1177.680054
13/10/2005,1176.839966
14/10/2005,1186.569946
17/10/2005,1190.099976
18/10/2005,1178.140015
19/10/2005,1195.76001
20/10/2005,1177.800049
21/10/2005,1179.589966
24/10/2005,1199.380005
25/10/2005,1196.540039
26/10/2005,1191.380005
27/10/2005,1178.900024
28/10/2005,1198.410034
31/10/2005,1207.01001
1/11/2005,1202.76001
2/11/2005,1214.76001
3/11/2005,1219.939941
4/11/2005,1220.140015
7/11/2005,1222.810059
8/11/2005,1218.589966
9/11/2005,1220.650024
10/11/2005,1230.959961
11/11/2005,1234.719971
14/11/2005,1233.76001
15/11/2005,1229.01001
16/11/2005,1231.209961
17/11/2005,1242.800049
18/11/2005,1248.27002
21/11/2005,1254.849976
22/11/2005,1261.22998
23/11/2005,1265.609985
25/11/2005,1268.25
28/11/2005,1257.459961
29/11/2005,1257.47998
30/11/2005,1249.47998
1/12/2005,1264.670044
2/12/2005,1265.079956
5/12/2005,1262.089966
6/12/2005,1263.699951
7/12/2005,1257.369995
8/12/2005,1255.839966
9/12/2005,1259.369995
12/12/2005,1260.430054
13/12/2005,1267.430054
14/12/2005,1272.73999
15/12/2005,1270.939941
16/12/2005,1267.319946
19/12/2005,1259.920044
20/12/2005,1259.619995
21/12/2005,1262.790039
22/12/2005,1268.119995
23/12/2005,1268.660034
27/12/2005,1256.540039
28/12/2005,1258.170044
29/12/2005,1254.420044
30/12/2005,1248.290039
3/01/2006,1268.800049
4/01/2006,1273.459961
5/01/2006,1273.47998
6/01/2006,1285.449951
9/01/2006,1290.150024
10/01/2006,1289.689941
11/01/2006,1294.180054
12/01/2006,1286.060059
13/01/2006,1287.609985
17/01/2006,1282.930054
18/01/2006,1277.930054
19/01/2006,1285.040039
20/01/2006,1261.48999
23/01/2006,1263.819946
24/01/2006,1266.859985
25/01/2006,1264.680054
26/01/2006,1273.829956
27/01/2006,1283.719971
30/01/2006,1285.189941
31/01/2006,1280.079956
1/02/2006,1282.459961
2/02/2006,1270.839966
3/02/2006,1264.030029
6/02/2006,1265.02002
7/02/2006,1254.780029
8/02/2006,1265.650024
9/02/2006,1263.780029
10/02/2006,1266.98999
13/02/2006,1262.859985
14/02/2006,1275.530029
15/02/2006,1280
16/02/2006,1289.380005
17/02/2006,1287.23999
21/02/2006,1283.030029
22/02/2006,1292.670044
23/02/2006,1287.790039
24/02/2006,1289.430054
27/02/2006,1294.119995
28/02/2006,1280.660034
1/03/2006,1291.23999
2/03/2006,1289.140015
3/03/2006,1287.22998
6/03/2006,1278.26001
7/03/2006,1275.880005
8/03/2006,1278.469971
9/03/2006,1272.22998
10/03/2006,1281.420044
13/03/2006,1284.130005
14/03/2006,1297.47998
15/03/2006,1303.02002
16/03/2006,1305.329956
17/03/2006,1307.25
20/03/2006,1305.079956
21/03/2006,1297.22998
22/03/2006,1305.040039
23/03/2006,1301.670044
24/03/2006,1302.949951
27/03/2006,1301.609985
28/03/2006,1293.22998
29/03/2006,1302.890015
30/03/2006,1300.25
31/03/2006,1294.869995
3/04/2006,1297.810059
4/04/2006,1305.930054
5/04/2006,1311.560059
6/04/2006,1309.040039
7/04/2006,1295.5
10/04/2006,1296.619995
11/04/2006,1286.569946
12/04/2006,1288.119995
13/04/2006,1289.119995
17/04/2006,1285.329956
18/04/2006,1307.280029
19/04/2006,1309.930054
20/04/2006,1311.459961
21/04/2006,1311.280029
24/04/2006,1308.109985
25/04/2006,1301.73999
26/04/2006,1305.410034
27/04/2006,1309.719971
28/04/2006,1310.609985
1/05/2006,1305.189941
2/05/2006,1313.209961
3/05/2006,1308.119995
4/05/2006,1312.25
5/05/2006,1325.76001
8/05/2006,1324.660034
9/05/2006,1325.140015
10/05/2006,1322.849976
11/05/2006,1305.920044
12/05/2006,1291.23999
15/05/2006,1294.5
16/05/2006,1292.079956
17/05/2006,1270.319946
18/05/2006,1261.810059
19/05/2006,1267.030029
22/05/2006,1262.069946
23/05/2006,1256.579956
24/05/2006,1258.569946
25/05/2006,1272.880005
26/05/2006,1280.160034
30/05/2006,1259.869995
31/05/2006,1270.089966
1/06/2006,1285.709961
2/06/2006,1288.219971
5/06/2006,1265.290039
6/06/2006,1263.849976
7/06/2006,1256.150024
8/06/2006,1257.930054
9/06/2006,1252.300049
12/06/2006,1237.439941
13/06/2006,1223.689941
14/06/2006,1230.040039
15/06/2006,1256.160034
16/06/2006,1251.540039
19/06/2006,1240.130005
20/06/2006,1240.119995
21/06/2006,1252.199951
22/06/2006,1245.599976
23/06/2006,1244.5
26/06/2006,1250.560059
27/06/2006,1239.199951
28/06/2006,1246
29/06/2006,1272.869995
30/06/2006,1270.199951
3/07/2006,1280.189941
5/07/2006,1270.910034
6/07/2006,1274.079956
7/07/2006,1265.47998
10/07/2006,1267.339966
11/07/2006,1272.430054
12/07/2006,1258.599976
13/07/2006,1242.280029
14/07/2006,1236.199951
17/07/2006,1234.48999
18/07/2006,1236.859985
19/07/2006,1259.810059
20/07/2006,1249.130005
21/07/2006,1240.290039
24/07/2006,1260.910034
25/07/2006,1268.880005
26/07/2006,1268.400024
27/07/2006,1263.199951
28/07/2006,1278.550049
31/07/2006,1276.660034
1/08/2006,1270.920044
2/08/2006,1277.410034
3/08/2006,1280.27002
4/08/2006,1279.359985
7/08/2006,1275.77002
8/08/2006,1271.47998
9/08/2006,1265.949951
10/08/2006,1271.810059
11/08/2006,1266.73999
14/08/2006,1268.209961
15/08/2006,1285.579956
16/08/2006,1295.430054
17/08/2006,1297.47998
18/08/2006,1302.300049
21/08/2006,1297.52002
22/08/2006,1298.819946
23/08/2006,1292.98999
24/08/2006,1296.060059
25/08/2006,1295.089966
28/08/2006,1301.780029
29/08/2006,1304.280029
30/08/2006,1305.369995
31/08/2006,1303.819946
1/09/2006,1311.01001
5/09/2006,1313.25
6/09/2006,1300.26001
7/09/2006,1294.02002
8/09/2006,1298.920044
11/09/2006,1299.540039
12/09/2006,1313
13/09/2006,1318.069946
14/09/2006,1316.280029
15/09/2006,1319.660034
18/09/2006,1321.180054
19/09/2006,1317.640015
20/09/2006,1325.180054
21/09/2006,1318.030029
22/09/2006,1314.780029
25/09/2006,1326.369995
26/09/2006,1336.349976
27/09/2006,1336.589966
28/09/2006,1338.880005
29/09/2006,1335.849976
2/10/2006,1331.319946
3/10/2006,1334.109985
4/10/2006,1350.199951
5/10/2006,1353.219971
6/10/2006,1349.589966
9/10/2006,1350.660034
10/10/2006,1353.420044
11/10/2006,1349.949951
12/10/2006,1362.829956
13/10/2006,1365.619995
16/10/2006,1369.060059
17/10/2006,1364.050049
18/10/2006,1365.800049
19/10/2006,1366.959961
20/10/2006,1368.599976
23/10/2006,1377.02002
24/10/2006,1377.380005
25/10/2006,1382.219971
26/10/2006,1389.079956
27/10/2006,1377.339966
30/10/2006,1377.930054
31/10/2006,1377.939941
1/11/2006,1367.810059
2/11/2006,1367.339966
3/11/2006,1364.300049
6/11/2006,1379.780029
7/11/2006,1382.839966
8/11/2006,1385.719971
9/11/2006,1378.329956
10/11/2006,1380.900024
13/11/2006,1384.420044
14/11/2006,1393.219971
15/11/2006,1396.569946
16/11/2006,1399.76001
17/11/2006,1401.199951
20/11/2006,1400.5
21/11/2006,1402.810059
22/11/2006,1406.089966
24/11/2006,1400.949951
27/11/2006,1381.959961
28/11/2006,1386.719971
29/11/2006,1399.47998
30/11/2006,1400.630005
1/12/2006,1396.709961
4/12/2006,1409.119995
5/12/2006,1414.76001
6/12/2006,1412.900024
7/12/2006,1407.290039
8/12/2006,1409.839966
11/12/2006,1413.040039
12/12/2006,1411.560059
13/12/2006,1413.209961
14/12/2006,1425.48999
15/12/2006,1427.089966
18/12/2006,1422.47998
19/12/2006,1425.550049
20/12/2006,1423.530029
21/12/2006,1418.300049
22/12/2006,1410.76001
26/12/2006,1416.900024
27/12/2006,1426.839966
28/12/2006,1424.72998
29/12/2006,1418.300049
3/01/2007,1416.599976
4/01/2007,1418.339966
5/01/2007,1409.709961
8/01/2007,1412.839966
9/01/2007,1412.109985
10/01/2007,1414.849976
11/01/2007,1423.819946
12/01/2007,1430.72998
16/01/2007,1431.900024
17/01/2007,1430.619995
18/01/2007,1426.369995
19/01/2007,1430.5
22/01/2007,1422.949951
23/01/2007,1427.98999
24/01/2007,1440.130005
25/01/2007,1423.900024
26/01/2007,1422.180054
29/01/2007,1420.619995
30/01/2007,1428.819946
31/01/2007,1438.23999
1/02/2007,1445.939941
2/02/2007,1448.390015
5/02/2007,1446.98999
6/02/2007,1448
7/02/2007,1450.02002
8/02/2007,1448.310059
9/02/2007,1438.060059
12/02/2007,1433.369995
13/02/2007,1444.26001
14/02/2007,1455.300049
15/02/2007,1456.810059
16/02/2007,1455.540039
20/02/2007,1459.680054
21/02/2007,1457.630005
22/02/2007,1456.380005
23/02/2007,1451.189941
26/02/2007,1449.369995
27/02/2007,1399.040039
28/02/2007,1406.819946
1/03/2007,1403.170044
2/03/2007,1387.170044
5/03/2007,1374.119995
6/03/2007,1395.410034
7/03/2007,1391.969971
8/03/2007,1401.890015
9/03/2007,1402.839966
12/03/2007,1406.599976
13/03/2007,1377.949951
14/03/2007,1387.170044
15/03/2007,1392.280029
16/03/2007,1386.949951
19/03/2007,1402.060059
20/03/2007,1410.939941
21/03/2007,1435.040039
22/03/2007,1434.540039
23/03/2007,1436.109985
26/03/2007,1437.5
27/03/2007,1428.609985
28/03/2007,1417.22998
29/03/2007,1422.530029
30/03/2007,1420.859985
2/04/2007,1424.550049
3/04/2007,1437.77002
4/04/2007,1439.369995
5/04/2007,1443.76001
9/04/2007,1444.609985
10/04/2007,1448.390015
11/04/2007,1438.869995
12/04/2007,1447.800049
13/04/2007,1452.849976
16/04/2007,1468.329956
17/04/2007,1471.47998
18/04/2007,1472.5
19/04/2007,1470.72998
20/04/2007,1484.349976
23/04/2007,1480.930054
24/04/2007,1480.410034
25/04/2007,1495.420044
26/04/2007,1494.25
27/04/2007,1494.069946
30/04/2007,1482.369995
1/05/2007,1486.300049
2/05/2007,1495.920044
3/05/2007,1502.390015
4/05/2007,1505.619995
7/05/2007,1509.47998
8/05/2007,1507.719971
9/05/2007,1512.579956
10/05/2007,1491.469971
11/05/2007,1505.849976
14/05/2007,1503.150024
15/05/2007,1501.189941
16/05/2007,1514.140015
17/05/2007,1512.75
18/05/2007,1522.75
21/05/2007,1525.099976
22/05/2007,1524.119995
23/05/2007,1522.280029
24/05/2007,1507.51001
25/05/2007,1515.72998
29/05/2007,1518.109985
30/05/2007,1530.22998
31/05/2007,1530.619995
1/06/2007,1536.339966
4/06/2007,1539.180054
5/06/2007,1530.949951
6/06/2007,1517.380005
7/06/2007,1490.719971
8/06/2007,1507.670044
11/06/2007,1509.119995
12/06/2007,1493
13/06/2007,1515.670044
14/06/2007,1522.969971
15/06/2007,1532.910034
18/06/2007,1531.050049
19/06/2007,1533.699951
20/06/2007,1512.839966
21/06/2007,1522.189941
22/06/2007,1502.560059
25/06/2007,1497.73999
26/06/2007,1492.890015
27/06/2007,1506.339966
28/06/2007,1505.709961
29/06/2007,1503.349976
2/07/2007,1519.430054
3/07/2007,1524.869995
5/07/2007,1525.400024
6/07/2007,1530.439941
9/07/2007,1531.849976
10/07/2007,1510.119995
11/07/2007,1518.76001
12/07/2007,1547.699951
13/07/2007,1552.5
16/07/2007,1549.52002
17/07/2007,1549.369995
18/07/2007,1546.170044
19/07/2007,1553.079956
20/07/2007,1534.099976
23/07/2007,1541.569946
24/07/2007,1511.040039
25/07/2007,1518.089966
26/07/2007,1482.660034
27/07/2007,1458.949951
30/07/2007,1473.910034
31/07/2007,1455.27002
1/08/2007,1465.810059
2/08/2007,1472.199951
3/08/2007,1433.060059
6/08/2007,1467.670044
7/08/2007,1476.709961
8/08/2007,1497.48999
9/08/2007,1453.089966
10/08/2007,1453.640015
13/08/2007,1452.920044
14/08/2007,1426.540039
15/08/2007,1406.699951
16/08/2007,1411.27002
17/08/2007,1445.939941
20/08/2007,1445.550049
21/08/2007,1447.119995
22/08/2007,1464.069946
23/08/2007,1462.5
24/08/2007,1479.369995
27/08/2007,1466.790039
28/08/2007,1432.359985
29/08/2007,1463.76001
30/08/2007,1457.640015
31/08/2007,1473.98999
4/09/2007,1489.420044
5/09/2007,1472.290039
6/09/2007,1478.550049
7/09/2007,1453.550049
10/09/2007,1451.699951
11/09/2007,1471.48999
12/09/2007,1471.560059
13/09/2007,1483.949951
14/09/2007,1484.25
17/09/2007,1476.650024
18/09/2007,1519.780029
19/09/2007,1529.030029
20/09/2007,1518.75
21/09/2007,1525.75
24/09/2007,1517.72998
25/09/2007,1517.209961
26/09/2007,1525.420044
27/09/2007,1531.380005
28/09/2007,1526.75
1/10/2007,1547.040039
2/10/2007,1546.630005
3/10/2007,1539.589966
4/10/2007,1542.839966
5/10/2007,1557.589966
8/10/2007,1552.579956
9/10/2007,1565.150024
10/10/2007,1562.469971
11/10/2007,1554.410034
12/10/2007,1561.800049
15/10/2007,1548.709961
16/10/2007,1538.530029
17/10/2007,1541.23999
18/10/2007,1540.079956
19/10/2007,1500.630005
22/10/2007,1506.329956
23/10/2007,1519.589966
24/10/2007,1515.880005
25/10/2007,1514.400024
26/10/2007,1535.280029
29/10/2007,1540.97998
30/10/2007,1531.02002
31/10/2007,1549.380005
1/11/2007,1508.439941
2/11/2007,1509.650024
5/11/2007,1502.170044
6/11/2007,1520.27002
7/11/2007,1475.619995
8/11/2007,1474.77002
9/11/2007,1453.699951
12/11/2007,1439.180054
13/11/2007,1481.050049
14/11/2007,1470.579956
15/11/2007,1451.150024
16/11/2007,1458.73999
19/11/2007,1433.27002
20/11/2007,1439.699951
21/11/2007,1416.77002
23/11/2007,1440.699951
26/11/2007,1407.219971
27/11/2007,1428.22998
28/11/2007,1469.02002
29/11/2007,1469.719971
30/11/2007,1481.140015
3/12/2007,1472.420044
4/12/2007,1462.790039
5/12/2007,1485.01001
6/12/2007,1507.339966
7/12/2007,1504.660034
10/12/2007,1515.959961
11/12/2007,1477.650024
12/12/2007,1486.589966
13/12/2007,1488.410034
14/12/2007,1467.949951
17/12/2007,1445.900024
18/12/2007,1454.97998
19/12/2007,1453
20/12/2007,1460.119995
21/12/2007,1484.459961
24/12/2007,1496.449951
26/12/2007,1497.660034
27/12/2007,1476.27002
28/12/2007,1478.48999
31/12/2007,1468.359985
2/01/2008,1447.160034
3/01/2008,1447.160034
4/01/2008,1411.630005
7/01/2008,1416.180054
8/01/2008,1390.189941
9/01/2008,1409.130005
10/01/2008,1420.329956
11/01/2008,1401.02002
14/01/2008,1416.25
15/01/2008,1380.949951
16/01/2008,1373.199951
17/01/2008,1333.25
18/01/2008,1325.189941
22/01/2008,1310.5
23/01/2008,1338.599976
24/01/2008,1352.069946
25/01/2008,1330.609985
28/01/2008,1353.959961
29/01/2008,1362.300049
30/01/2008,1355.810059
31/01/2008,1378.550049
1/02/2008,1395.420044
4/02/2008,1380.819946
5/02/2008,1336.640015
6/02/2008,1326.449951
7/02/2008,1336.910034
8/02/2008,1331.290039
11/02/2008,1339.130005
12/02/2008,1348.859985
13/02/2008,1367.209961
14/02/2008,1348.859985
15/02/2008,1349.98999
19/02/2008,1348.780029
20/02/2008,1360.030029
21/02/2008,1342.530029
22/02/2008,1353.109985
25/02/2008,1371.800049
26/02/2008,1381.290039
27/02/2008,1380.02002
28/02/2008,1367.680054
29/02/2008,1330.630005
3/03/2008,1331.339966
4/03/2008,1326.75
5/03/2008,1333.699951
6/03/2008,1304.339966
7/03/2008,1293.369995
10/03/2008,1273.369995
11/03/2008,1320.650024
12/03/2008,1308.77002
13/03/2008,1315.47998
14/03/2008,1288.140015
17/03/2008,1276.599976
18/03/2008,1330.73999
19/03/2008,1298.420044
20/03/2008,1329.51001
24/03/2008,1349.880005
25/03/2008,1352.98999
26/03/2008,1341.130005
27/03/2008,1325.76001
28/03/2008,1315.219971
31/03/2008,1322.699951
1/04/2008,1370.180054
2/04/2008,1367.530029
3/04/2008,1369.310059
4/04/2008,1370.400024
7/04/2008,1372.540039
8/04/2008,1365.540039
9/04/2008,1354.48999
10/04/2008,1360.550049
11/04/2008,1332.829956
14/04/2008,1328.319946
15/04/2008,1334.430054
16/04/2008,1364.709961
17/04/2008,1365.560059
18/04/2008,1390.329956
21/04/2008,1388.170044
22/04/2008,1375.939941
23/04/2008,1379.930054
24/04/2008,1388.819946
25/04/2008,1397.839966
28/04/2008,1396.369995
29/04/2008,1390.939941
30/04/2008,1385.589966
1/05/2008,1409.339966
2/05/2008,1413.900024
5/05/2008,1407.48999
6/05/2008,1418.26001
7/05/2008,1392.569946
8/05/2008,1397.680054
9/05/2008,1388.280029
12/05/2008,1403.579956
13/05/2008,1403.040039
14/05/2008,1408.660034
15/05/2008,1423.569946
16/05/2008,1425.349976
19/05/2008,1426.630005
20/05/2008,1413.400024
21/05/2008,1390.709961
22/05/2008,1394.349976
23/05/2008,1375.930054
27/05/2008,1385.349976
28/05/2008,1390.839966
29/05/2008,1398.26001
30/05/2008,1400.380005
2/06/2008,1385.670044
3/06/2008,1377.650024
4/06/2008,1377.199951
5/06/2008,1404.050049
6/06/2008,1360.680054
9/06/2008,1361.76001
10/06/2008,1358.439941
11/06/2008,1335.48999
12/06/2008,1339.869995
13/06/2008,1360.030029
16/06/2008,1360.140015
17/06/2008,1350.930054
18/06/2008,1337.810059
19/06/2008,1342.829956
20/06/2008,1317.930054
23/06/2008,1318
24/06/2008,1314.290039
25/06/2008,1321.969971
26/06/2008,1283.150024
27/06/2008,1278.380005
30/06/2008,1280
1/07/2008,1284.910034
2/07/2008,1261.52002
3/07/2008,1262.900024
7/07/2008,1252.310059
8/07/2008,1273.699951
9/07/2008,1244.689941
10/07/2008,1253.390015
11/07/2008,1239.48999
14/07/2008,1228.300049
15/07/2008,1214.910034
16/07/2008,1245.359985
17/07/2008,1260.319946
18/07/2008,1260.680054
21/07/2008,1260
22/07/2008,1277
23/07/2008,1282.189941
24/07/2008,1252.540039
25/07/2008,1257.76001
28/07/2008,1234.369995
29/07/2008,1263.199951
30/07/2008,1284.26001
31/07/2008,1267.380005
1/08/2008,1260.310059
4/08/2008,1249.01001
5/08/2008,1284.880005
6/08/2008,1289.189941
7/08/2008,1266.069946
8/08/2008,1296.319946
11/08/2008,1305.319946
12/08/2008,1289.589966
13/08/2008,1285.829956
14/08/2008,1292.930054
15/08/2008,1298.199951
18/08/2008,1278.599976
19/08/2008,1266.689941
20/08/2008,1274.540039
21/08/2008,1277.719971
22/08/2008,1292.199951
25/08/2008,1266.839966
26/08/2008,1271.51001
27/08/2008,1281.660034
28/08/2008,1300.680054
29/08/2008,1282.829956
2/09/2008,1277.579956
3/09/2008,1274.97998
4/09/2008,1236.829956
5/09/2008,1242.310059
8/09/2008,1267.790039
9/09/2008,1224.51001
10/09/2008,1232.040039
11/09/2008,1249.050049
12/09/2008,1251.699951
15/09/2008,1192.699951
16/09/2008,1213.599976
17/09/2008,1156.390015
18/09/2008,1206.51001
19/09/2008,1255.079956
22/09/2008,1207.089966
23/09/2008,1188.219971
24/09/2008,1185.869995
25/09/2008,1209.180054
26/09/2008,1213.27002
29/09/2008,1106.420044
30/09/2008,1166.359985
1/10/2008,1161.060059
2/10/2008,1114.280029
3/10/2008,1099.22998
6/10/2008,1056.890015
7/10/2008,996.22998
8/10/2008,984.940002
9/10/2008,909.919983
10/10/2008,899.219971
13/10/2008,1003.349976
14/10/2008,998.01001
15/10/2008,907.840027
16/10/2008,946.429993
17/10/2008,940.549988
20/10/2008,985.400024
21/10/2008,955.049988
22/10/2008,896.780029
23/10/2008,908.109985
24/10/2008,876.77002
27/10/2008,848.919983
28/10/2008,940.51001
29/10/2008,930.090027
30/10/2008,954.090027
31/10/2008,968.75
3/11/2008,966.299988
4/11/2008,1005.75
5/11/2008,952.77002
6/11/2008,904.880005
7/11/2008,930.98999
10/11/2008,919.210022
11/11/2008,898.950012
12/11/2008,852.299988
13/11/2008,911.289978
14/11/2008,873.289978
17/11/2008,850.75
18/11/2008,859.119995
19/11/2008,806.580017
20/11/2008,752.440002
21/11/2008,800.030029
24/11/2008,851.809998
25/11/2008,857.390015
26/11/2008,887.679993
28/11/2008,896.23999
1/12/2008,816.210022
2/12/2008,848.809998
3/12/2008,870.73999
4/12/2008,845.219971
5/12/2008,876.070007
8/12/2008,909.700012
9/12/2008,888.669983
10/12/2008,899.23999
11/12/2008,873.590027
12/12/2008,879.72998
15/12/2008,868.570007
16/12/2008,913.179993
17/12/2008,904.419983
18/12/2008,885.280029
19/12/2008,887.880005
22/12/2008,871.630005
23/12/2008,863.159973
24/12/2008,868.150024
26/12/2008,872.799988
29/12/2008,869.419983
30/12/2008,890.640015
31/12/2008,903.25
2/01/2009,931.799988
5/01/2009,927.450012
6/01/2009,934.700012
7/01/2009,906.650024
8/01/2009,909.72998
9/01/2009,890.349976
12/01/2009,870.26001
13/01/2009,871.789978
14/01/2009,842.619995
15/01/2009,843.73999
16/01/2009,850.119995
20/01/2009,805.219971
21/01/2009,840.23999
22/01/2009,827.5
23/01/2009,831.950012
26/01/2009,836.570007
27/01/2009,845.710022
28/01/2009,874.090027
29/01/2009,845.140015
30/01/2009,825.880005
2/02/2009,825.440002
3/02/2009,838.51001
4/02/2009,832.22998
5/02/2009,845.849976
6/02/2009,868.599976
9/02/2009,869.890015
10/02/2009,827.159973
11/02/2009,833.73999
12/02/2009,835.190002
13/02/2009,826.840027
17/02/2009,789.169983
18/02/2009,788.419983
19/02/2009,778.940002
20/02/2009,770.049988
23/02/2009,743.330017
24/02/2009,773.140015
25/02/2009,764.900024
26/02/2009,752.830017
27/02/2009,735.090027
2/03/2009,700.820007
3/03/2009,696.330017
4/03/2009,712.869995
5/03/2009,682.549988
6/03/2009,683.380005
9/03/2009,676.530029
10/03/2009,719.599976
11/03/2009,721.359985
12/03/2009,750.73999
13/03/2009,756.549988
16/03/2009,753.890015
17/03/2009,778.119995
18/03/2009,794.349976
19/03/2009,784.039978
20/03/2009,768.539978
23/03/2009,822.919983
24/03/2009,806.119995
25/03/2009,813.880005
26/03/2009,832.859985
27/03/2009,815.940002
30/03/2009,787.530029
31/03/2009,797.869995
1/04/2009,811.080017
2/04/2009,834.380005
3/04/2009,842.5
6/04/2009,835.47998
7/04/2009,815.549988
8/04/2009,825.159973
9/04/2009,856.559998
13/04/2009,858.72998
14/04/2009,841.5
15/04/2009,852.059998
16/04/2009,865.299988
17/04/2009,869.599976
20/04/2009,832.390015
21/04/2009,850.080017
22/04/2009,843.549988
23/04/2009,851.919983
24/04/2009,866.22998
27/04/2009,857.51001
28/04/2009,855.159973
29/04/2009,873.640015
30/04/2009,872.809998
1/05/2009,877.52002
4/05/2009,907.23999
5/05/2009,903.799988
6/05/2009,919.530029
7/05/2009,907.390015
8/05/2009,929.22998
11/05/2009,909.23999
12/05/2009,908.349976
13/05/2009,883.919983
14/05/2009,893.070007
15/05/2009,882.880005
18/05/2009,909.710022
19/05/2009,908.130005
20/05/2009,903.469971
21/05/2009,888.330017
22/05/2009,887
26/05/2009,910.330017
27/05/2009,893.059998
28/05/2009,906.830017
29/05/2009,919.140015
1/06/2009,942.869995
2/06/2009,944.73999
3/06/2009,931.76001
4/06/2009,942.460022
5/06/2009,940.090027
8/06/2009,939.140015
9/06/2009,942.429993
10/06/2009,939.150024
11/06/2009,944.890015
12/06/2009,946.210022
15/06/2009,923.719971
16/06/2009,911.969971
17/06/2009,910.710022
18/06/2009,918.369995
19/06/2009,921.22998
22/06/2009,893.039978
23/06/2009,895.099976
24/06/2009,900.940002
25/06/2009,920.26001
26/06/2009,918.900024
29/06/2009,927.22998
30/06/2009,919.320007
1/07/2009,923.330017
2/07/2009,896.419983
6/07/2009,898.719971
7/07/2009,881.030029
8/07/2009,879.559998
9/07/2009,882.679993
10/07/2009,879.130005
13/07/2009,901.049988
14/07/2009,905.840027
15/07/2009,932.679993
16/07/2009,940.73999
17/07/2009,940.380005
20/07/2009,951.130005
21/07/2009,954.580017
22/07/2009,954.070007
23/07/2009,976.289978
24/07/2009,979.26001
27/07/2009,982.179993
28/07/2009,979.619995
29/07/2009,975.150024
30/07/2009,986.75
31/07/2009,987.47998
3/08/2009,1002.630005
4/08/2009,1005.650024
5/08/2009,1002.719971
6/08/2009,997.080017
7/08/2009,1010.47998
10/08/2009,1007.099976
11/08/2009,994.349976
12/08/2009,1005.809998
13/08/2009,1012.72998
14/08/2009,1004.090027
17/08/2009,979.72998
18/08/2009,989.669983
19/08/2009,996.460022
20/08/2009,1007.369995
21/08/2009,1026.130005
24/08/2009,1025.569946
25/08/2009,1028
26/08/2009,1028.119995
27/08/2009,1030.97998
28/08/2009,1028.930054
31/08/2009,1020.619995
1/09/2009,998.039978
2/09/2009,994.75
3/09/2009,1003.23999
4/09/2009,1016.400024
8/09/2009,1025.390015
9/09/2009,1033.369995
10/09/2009,1044.140015
11/09/2009,1042.72998
14/09/2009,1049.339966
15/09/2009,1052.630005
16/09/2009,1068.76001
17/09/2009,1065.48999
18/09/2009,1068.300049
21/09/2009,1064.660034
22/09/2009,1071.660034
23/09/2009,1060.869995
24/09/2009,1050.780029
25/09/2009,1044.380005
28/09/2009,1062.97998
29/09/2009,1060.609985
30/09/2009,1057.079956
1/10/2009,1029.849976
2/10/2009,1025.209961
5/10/2009,1040.459961
6/10/2009,1054.719971
7/10/2009,1057.579956
8/10/2009,1065.47998
9/10/2009,1071.48999
12/10/2009,1076.189941
13/10/2009,1073.189941
14/10/2009,1092.02002
15/10/2009,1096.560059
16/10/2009,1087.680054
19/10/2009,1097.910034
20/10/2009,1091.060059
21/10/2009,1081.400024
22/10/2009,1092.910034
23/10/2009,1079.599976
26/10/2009,1066.949951
27/10/2009,1063.410034
28/10/2009,1042.630005
29/10/2009,1066.109985
30/10/2009,1036.189941
2/11/2009,1042.880005
3/11/2009,1045.410034
4/11/2009,1046.5
5/11/2009,1066.630005
6/11/2009,1069.300049
9/11/2009,1093.079956
10/11/2009,1093.01001
11/11/2009,1098.51001
12/11/2009,1087.23999
13/11/2009,1093.47998
16/11/2009,1109.300049
17/11/2009,1110.319946
18/11/2009,1109.800049
19/11/2009,1094.900024
20/11/2009,1091.380005
23/11/2009,1106.23999
24/11/2009,1105.650024
25/11/2009,1110.630005
27/11/2009,1091.48999
30/11/2009,1095.630005
1/12/2009,1108.859985
2/12/2009,1109.23999
3/12/2009,1099.920044
4/12/2009,1105.97998
7/12/2009,1103.25
8/12/2009,1091.939941
9/12/2009,1095.949951
10/12/2009,1102.349976
11/12/2009,1106.410034
14/12/2009,1114.109985
15/12/2009,1107.930054
16/12/2009,1109.180054
17/12/2009,1096.079956
18/12/2009,1102.469971
21/12/2009,1114.050049
22/12/2009,1118.02002
23/12/2009,1120.589966
24/12/2009,1126.47998
28/12/2009,1127.780029
29/12/2009,1126.199951
30/12/2009,1126.420044
31/12/2009,1115.099976
4/01/2010,1132.98999
5/01/2010,1136.52002
6/01/2010,1137.140015
7/01/2010,1141.689941
8/01/2010,1144.97998
11/01/2010,1146.97998
12/01/2010,1136.219971
13/01/2010,1145.680054
14/01/2010,1148.459961
15/01/2010,1136.030029
19/01/2010,1150.22998
20/01/2010,1138.040039
21/01/2010,1116.47998
22/01/2010,1091.76001
25/01/2010,1096.780029
26/01/2010,1092.170044
27/01/2010,1097.5
28/01/2010,1084.530029
29/01/2010,1073.869995
1/02/2010,1089.189941
2/02/2010,1103.319946
3/02/2010,1097.280029
4/02/2010,1063.109985
5/02/2010,1066.189941
8/02/2010,1056.73999
9/02/2010,1070.52002
10/02/2010,1068.130005
11/02/2010,1078.469971
12/02/2010,1075.51001
16/02/2010,1094.869995
17/02/2010,1099.51001
18/02/2010,1106.75
19/02/2010,1109.170044
22/02/2010,1108.01001
23/02/2010,1094.599976
24/02/2010,1105.23999
25/02/2010,1102.939941
26/02/2010,1104.48999
1/03/2010,1115.709961
2/03/2010,1118.310059
3/03/2010,1118.790039
4/03/2010,1122.969971
5/03/2010,1138.699951
8/03/2010,1138.5
9/03/2010,1140.449951
10/03/2010,1145.609985
11/03/2010,1150.23999
12/03/2010,1149.98999
15/03/2010,1150.51001
16/03/2010,1159.459961
17/03/2010,1166.209961
18/03/2010,1165.829956
19/03/2010,1159.900024
22/03/2010,1165.810059
23/03/2010,1174.170044
24/03/2010,1167.719971
25/03/2010,1165.72998
26/03/2010,1166.589966
29/03/2010,1173.219971
30/03/2010,1173.27002
31/03/2010,1169.430054
1/04/2010,1178.099976
5/04/2010,1187.439941
6/04/2010,1189.439941
7/04/2010,1182.449951
8/04/2010,1186.439941
9/04/2010,1194.369995
12/04/2010,1196.47998
13/04/2010,1197.300049
14/04/2010,1210.650024
15/04/2010,1211.670044
16/04/2010,1192.130005
19/04/2010,1197.52002
20/04/2010,1207.170044
21/04/2010,1205.939941
22/04/2010,1208.670044
23/04/2010,1217.280029
26/04/2010,1212.050049
27/04/2010,1183.709961
28/04/2010,1191.359985
29/04/2010,1206.780029
30/04/2010,1186.689941
3/05/2010,1202.26001
4/05/2010,1173.599976
5/05/2010,1165.869995
6/05/2010,1128.150024
7/05/2010,1110.880005
10/05/2010,1159.72998
11/05/2010,1155.790039
12/05/2010,1171.670044
13/05/2010,1157.439941
14/05/2010,1135.680054
17/05/2010,1136.939941
18/05/2010,1120.800049
19/05/2010,1115.050049
20/05/2010,1071.589966
21/05/2010,1087.689941
24/05/2010,1073.650024
25/05/2010,1074.030029
26/05/2010,1067.949951
27/05/2010,1103.060059
28/05/2010,1089.410034
1/06/2010,1070.709961
2/06/2010,1098.380005
3/06/2010,1102.829956
4/06/2010,1064.880005
7/06/2010,1050.469971
8/06/2010,1062
9/06/2010,1055.689941
10/06/2010,1086.839966
11/06/2010,1091.599976
14/06/2010,1089.630005
15/06/2010,1115.22998
16/06/2010,1114.609985
17/06/2010,1116.040039
18/06/2010,1117.51001
21/06/2010,1113.199951
22/06/2010,1095.310059
23/06/2010,1092.040039
24/06/2010,1073.689941
25/06/2010,1076.76001
28/06/2010,1074.569946
29/06/2010,1041.23999
30/06/2010,1030.709961
1/07/2010,1027.369995
2/07/2010,1022.580017
6/07/2010,1028.060059
7/07/2010,1060.27002
8/07/2010,1070.25
9/07/2010,1077.959961
12/07/2010,1078.75
13/07/2010,1095.339966
14/07/2010,1095.170044
15/07/2010,1096.47998
16/07/2010,1064.880005
19/07/2010,1071.25
20/07/2010,1083.47998
21/07/2010,1069.589966
22/07/2010,1093.670044
23/07/2010,1102.660034
26/07/2010,1115.01001
27/07/2010,1113.839966
28/07/2010,1106.130005
29/07/2010,1101.530029
30/07/2010,1101.599976
2/08/2010,1125.859985
3/08/2010,1120.459961
4/08/2010,1127.23999
5/08/2010,1125.810059
6/08/2010,1121.640015
9/08/2010,1127.790039
10/08/2010,1121.060059
11/08/2010,1089.469971
12/08/2010,1083.609985
13/08/2010,1079.25
16/08/2010,1079.380005
17/08/2010,1092.540039
18/08/2010,1094.160034
19/08/2010,1075.630005
20/08/2010,1071.689941
23/08/2010,1067.359985
24/08/2010,1051.869995
25/08/2010,1055.329956
26/08/2010,1047.219971
27/08/2010,1064.589966
30/08/2010,1048.920044
31/08/2010,1049.329956
1/09/2010,1080.290039
2/09/2010,1090.099976
3/09/2010,1104.51001
7/09/2010,1091.839966
8/09/2010,1098.869995
9/09/2010,1104.180054
10/09/2010,1109.550049
13/09/2010,1121.900024
14/09/2010,1121.099976
15/09/2010,1125.069946
16/09/2010,1124.660034
17/09/2010,1125.589966
20/09/2010,1142.709961
21/09/2010,1139.780029
22/09/2010,1134.280029
23/09/2010,1124.829956
24/09/2010,1148.670044
27/09/2010,1142.160034
28/09/2010,1147.699951
29/09/2010,1144.72998
30/09/2010,1141.199951
1/10/2010,1146.23999
4/10/2010,1137.030029
5/10/2010,1160.75
6/10/2010,1159.969971
7/10/2010,1158.060059
8/10/2010,1165.150024
11/10/2010,1165.319946
12/10/2010,1169.77002
13/10/2010,1178.099976
14/10/2010,1173.810059
15/10/2010,1176.189941
18/10/2010,1184.709961
19/10/2010,1165.900024
20/10/2010,1178.170044
21/10/2010,1180.26001
22/10/2010,1183.079956
25/10/2010,1185.619995
26/10/2010,1185.640015
27/10/2010,1182.449951
28/10/2010,1183.780029
29/10/2010,1183.26001
1/11/2010,1184.380005
2/11/2010,1193.569946
3/11/2010,1197.959961
4/11/2010,1221.060059
5/11/2010,1225.849976
8/11/2010,1223.25
9/11/2010,1213.400024
10/11/2010,1218.709961
11/11/2010,1213.540039
12/11/2010,1199.209961
15/11/2010,1197.75
16/11/2010,1178.339966
17/11/2010,1178.589966
18/11/2010,1196.689941
19/11/2010,1199.72998
22/11/2010,1197.839966
23/11/2010,1180.72998
24/11/2010,1198.349976
26/11/2010,1189.400024
29/11/2010,1187.76001
30/11/2010,1180.550049
1/12/2010,1206.069946
2/12/2010,1221.530029
3/12/2010,1224.709961
6/12/2010,1223.119995
7/12/2010,1223.75
8/12/2010,1228.280029
9/12/2010,1233
10/12/2010,1240.400024
13/12/2010,1240.459961
14/12/2010,1241.589966
15/12/2010,1235.22998
16/12/2010,1242.869995
17/12/2010,1243.910034
20/12/2010,1247.079956
21/12/2010,1254.599976
22/12/2010,1258.839966
23/12/2010,1256.77002
27/12/2010,1257.540039
28/12/2010,1258.51001
29/12/2010,1259.780029
30/12/2010,1257.880005
31/12/2010,1257.640015
3/01/2011,1271.869995
4/01/2011,1270.199951
5/01/2011,1276.560059
6/01/2011,1273.849976
7/01/2011,1271.5
10/01/2011,1269.75
11/01/2011,1274.47998
12/01/2011,1285.959961
13/01/2011,1283.76001
14/01/2011,1293.23999
18/01/2011,1295.02002
19/01/2011,1281.920044
20/01/2011,1280.26001
21/01/2011,1283.349976
24/01/2011,1290.839966
25/01/2011,1291.180054
26/01/2011,1296.630005
27/01/2011,1299.540039
28/01/2011,1276.339966
31/01/2011,1286.119995
1/02/2011,1307.589966
2/02/2011,1304.030029
3/02/2011,1307.099976
4/02/2011,1310.869995
7/02/2011,1319.050049
8/02/2011,1324.569946
9/02/2011,1320.880005
10/02/2011,1321.869995
11/02/2011,1329.150024
14/02/2011,1332.319946
15/02/2011,1328.01001
16/02/2011,1336.319946
17/02/2011,1340.430054
18/02/2011,1343.01001
22/02/2011,1315.439941
23/02/2011,1307.400024
24/02/2011,1306.099976
25/02/2011,1319.880005
28/02/2011,1327.219971
1/03/2011,1306.329956
2/03/2011,1308.439941
3/03/2011,1330.969971
4/03/2011,1321.150024
7/03/2011,1310.130005
8/03/2011,1321.819946
9/03/2011,1320.02002
10/03/2011,1295.109985
11/03/2011,1304.280029
14/03/2011,1296.390015
15/03/2011,1281.869995
16/03/2011,1256.880005
17/03/2011,1273.719971
18/03/2011,1279.209961
21/03/2011,1298.380005
22/03/2011,1293.77002
23/03/2011,1297.540039
24/03/2011,1309.660034
25/03/2011,1313.800049
28/03/2011,1310.189941
29/03/2011,1319.439941
30/03/2011,1328.26001
31/03/2011,1325.829956
1/04/2011,1332.410034
4/04/2011,1332.869995
5/04/2011,1332.630005
6/04/2011,1335.540039
7/04/2011,1333.51001
8/04/2011,1328.170044
11/04/2011,1324.459961
12/04/2011,1314.160034
13/04/2011,1314.410034
14/04/2011,1314.52002
15/04/2011,1319.680054
18/04/2011,1305.140015
19/04/2011,1312.619995
20/04/2011,1330.359985
21/04/2011,1337.380005
25/04/2011,1335.25
26/04/2011,1347.23999
27/04/2011,1355.660034
28/04/2011,1360.47998
29/04/2011,1363.609985
2/05/2011,1361.219971
3/05/2011,1356.619995
4/05/2011,1347.319946
5/05/2011,1335.099976
6/05/2011,1340.199951
9/05/2011,1346.290039
10/05/2011,1357.160034
11/05/2011,1342.079956
12/05/2011,1348.650024
13/05/2011,1337.77002
16/05/2011,1329.469971
17/05/2011,1328.97998
18/05/2011,1340.680054
19/05/2011,1343.599976
20/05/2011,1333.27002
23/05/2011,1317.369995
24/05/2011,1316.280029
25/05/2011,1320.469971
26/05/2011,1325.689941
27/05/2011,1331.099976
31/05/2011,1345.199951
1/06/2011,1314.550049
2/06/2011,1312.939941
3/06/2011,1300.160034
6/06/2011,1286.170044
7/06/2011,1284.939941
8/06/2011,1279.560059
9/06/2011,1289
10/06/2011,1270.97998
13/06/2011,1271.829956
14/06/2011,1287.869995
15/06/2011,1265.420044
16/06/2011,1267.640015
17/06/2011,1271.5
20/06/2011,1278.359985
21/06/2011,1295.52002
22/06/2011,1287.140015
23/06/2011,1283.5
24/06/2011,1268.449951
27/06/2011,1280.099976
28/06/2011,1296.670044
29/06/2011,1307.410034
30/06/2011,1320.640015
1/07/2011,1339.670044
5/07/2011,1337.880005
6/07/2011,1339.219971
7/07/2011,1353.219971
8/07/2011,1343.800049
11/07/2011,1319.48999
12/07/2011,1313.640015
13/07/2011,1317.719971
14/07/2011,1308.869995
15/07/2011,1316.140015
18/07/2011,1305.439941
19/07/2011,1326.72998
20/07/2011,1325.839966
21/07/2011,1343.800049
22/07/2011,1345.02002
25/07/2011,1337.430054
26/07/2011,1331.939941
27/07/2011,1304.890015
28/07/2011,1300.670044
29/07/2011,1292.280029
1/08/2011,1286.939941
2/08/2011,1254.050049
3/08/2011,1260.339966
4/08/2011,1200.069946
5/08/2011,1199.380005
8/08/2011,1119.459961
9/08/2011,1172.530029
10/08/2011,1120.76001
11/08/2011,1172.640015
12/08/2011,1178.810059
15/08/2011,1204.48999
16/08/2011,1192.76001
17/08/2011,1193.890015
18/08/2011,1140.650024
19/08/2011,1123.530029
22/08/2011,1123.819946
23/08/2011,1162.349976
24/08/2011,1177.599976
25/08/2011,1159.27002
26/08/2011,1176.800049
29/08/2011,1210.079956
30/08/2011,1212.920044
31/08/2011,1218.890015
1/09/2011,1204.420044
2/09/2011,1173.969971
6/09/2011,1165.23999
7/09/2011,1198.619995
8/09/2011,1185.900024
9/09/2011,1154.22998
12/09/2011,1162.27002
13/09/2011,1172.869995
14/09/2011,1188.680054
15/09/2011,1209.109985
16/09/2011,1216.01001
19/09/2011,1204.089966
20/09/2011,1202.089966
21/09/2011,1166.76001
22/09/2011,1129.560059
23/09/2011,1136.430054
26/09/2011,1162.949951
27/09/2011,1175.380005
28/09/2011,1151.060059
29/09/2011,1160.400024
30/09/2011,1131.420044
3/10/2011,1099.22998
4/10/2011,1123.949951
5/10/2011,1144.030029
6/10/2011,1164.969971
7/10/2011,1155.459961
10/10/2011,1194.890015
11/10/2011,1195.540039
12/10/2011,1207.25
13/10/2011,1203.660034
14/10/2011,1224.579956
17/10/2011,1200.859985
18/10/2011,1225.380005
19/10/2011,1209.880005
20/10/2011,1215.390015
21/10/2011,1238.25
24/10/2011,1254.189941
25/10/2011,1229.050049
26/10/2011,1242
27/10/2011,1284.589966
28/10/2011,1285.089966
31/10/2011,1253.300049
1/11/2011,1218.280029
2/11/2011,1237.900024
3/11/2011,1261.150024
4/11/2011,1253.22998
7/11/2011,1261.119995
8/11/2011,1275.920044
9/11/2011,1229.099976
10/11/2011,1239.699951
11/11/2011,1263.849976
14/11/2011,1251.780029
15/11/2011,1257.810059
16/11/2011,1236.910034
17/11/2011,1216.130005
18/11/2011,1215.650024
21/11/2011,1192.97998
22/11/2011,1188.040039
23/11/2011,1161.790039
25/11/2011,1158.670044
28/11/2011,1192.550049
29/11/2011,1195.189941
30/11/2011,1246.959961
1/12/2011,1244.579956
2/12/2011,1244.280029
5/12/2011,1257.079956
6/12/2011,1258.469971
7/12/2011,1261.01001
8/12/2011,1234.349976
9/12/2011,1255.189941
12/12/2011,1236.469971
13/12/2011,1225.72998
14/12/2011,1211.819946
15/12/2011,1215.75
16/12/2011,1219.660034
19/12/2011,1205.349976
20/12/2011,1241.300049
21/12/2011,1243.719971
22/12/2011,1254
23/12/2011,1265.329956
27/12/2011,1265.430054
28/12/2011,1249.640015
29/12/2011,1263.02002
30/12/2011,1257.599976
3/01/2012,1277.060059
4/01/2012,1277.300049
5/01/2012,1281.060059
6/01/2012,1277.810059
9/01/2012,1280.699951
10/01/2012,1292.079956
11/01/2012,1292.47998
12/01/2012,1295.5
13/01/2012,1289.089966
17/01/2012,1293.670044
18/01/2012,1308.040039
19/01/2012,1314.5
20/01/2012,1315.380005
23/01/2012,1316
24/01/2012,1314.650024
25/01/2012,1326.060059
26/01/2012,1318.430054
27/01/2012,1316.329956
30/01/2012,1313.01001
31/01/2012,1312.410034
1/02/2012,1324.089966
2/02/2012,1325.540039
3/02/2012,1344.900024
6/02/2012,1344.329956
7/02/2012,1347.050049
8/02/2012,1349.959961
9/02/2012,1351.949951
10/02/2012,1342.640015
13/02/2012,1351.77002
14/02/2012,1350.5
15/02/2012,1343.22998
16/02/2012,1358.040039
17/02/2012,1361.22998
21/02/2012,1362.209961
22/02/2012,1357.660034
23/02/2012,1363.459961
24/02/2012,1365.73999
27/02/2012,1367.589966
28/02/2012,1372.180054
29/02/2012,1365.680054
1/03/2012,1374.089966
2/03/2012,1369.630005
5/03/2012,1364.329956
6/03/2012,1343.359985
7/03/2012,1352.630005
8/03/2012,1365.910034
9/03/2012,1370.869995
12/03/2012,1371.089966
13/03/2012,1395.949951
14/03/2012,1394.280029
15/03/2012,1402.599976
16/03/2012,1404.170044
19/03/2012,1409.75
20/03/2012,1405.52002
21/03/2012,1402.890015
22/03/2012,1392.780029
23/03/2012,1397.109985
26/03/2012,1416.51001
27/03/2012,1412.52002
28/03/2012,1405.540039
29/03/2012,1403.280029
30/03/2012,1408.469971
2/04/2012,1419.040039
3/04/2012,1413.380005
4/04/2012,1398.959961
5/04/2012,1398.079956
9/04/2012,1382.199951
10/04/2012,1358.589966
11/04/2012,1368.709961
12/04/2012,1387.569946
13/04/2012,1370.26001
16/04/2012,1369.569946
17/04/2012,1390.780029
18/04/2012,1385.140015
19/04/2012,1376.920044
20/04/2012,1378.530029
23/04/2012,1366.939941
24/04/2012,1371.969971
25/04/2012,1390.689941
26/04/2012,1399.97998
27/04/2012,1403.359985
30/04/2012,1397.910034
1/05/2012,1405.819946
2/05/2012,1402.310059
3/05/2012,1391.569946
4/05/2012,1369.099976
7/05/2012,1369.579956
8/05/2012,1363.719971
9/05/2012,1354.579956
10/05/2012,1357.98999
11/05/2012,1353.390015
14/05/2012,1338.349976
15/05/2012,1330.660034
16/05/2012,1324.800049
17/05/2012,1304.859985
18/05/2012,1295.219971
21/05/2012,1315.98999
22/05/2012,1316.630005
23/05/2012,1318.859985
24/05/2012,1320.680054
25/05/2012,1317.819946
29/05/2012,1332.420044
30/05/2012,1313.319946
31/05/2012,1310.329956
1/06/2012,1278.040039
4/06/2012,1278.180054
5/06/2012,1285.5
6/06/2012,1315.130005
7/06/2012,1314.98999
8/06/2012,1325.660034
11/06/2012,1308.930054
12/06/2012,1324.180054
13/06/2012,1314.880005
14/06/2012,1329.099976
15/06/2012,1342.839966
18/06/2012,1344.780029
19/06/2012,1357.97998
20/06/2012,1355.689941
21/06/2012,1325.51001
22/06/2012,1335.02002
25/06/2012,1313.719971
26/06/2012,1319.98999
27/06/2012,1331.849976
28/06/2012,1329.040039
29/06/2012,1362.160034
2/07/2012,1365.51001
3/07/2012,1374.02002
5/07/2012,1367.579956
6/07/2012,1354.680054
9/07/2012,1352.459961
10/07/2012,1341.469971
11/07/2012,1341.449951
12/07/2012,1334.76001
13/07/2012,1356.780029
16/07/2012,1353.640015
17/07/2012,1363.670044
18/07/2012,1372.780029
19/07/2012,1376.51001
20/07/2012,1362.660034
23/07/2012,1350.52002
24/07/2012,1338.310059
25/07/2012,1337.890015
26/07/2012,1360.02002
27/07/2012,1385.969971
30/07/2012,1385.300049
31/07/2012,1379.319946
1/08/2012,1375.319946
2/08/2012,1365
3/08/2012,1390.98999
6/08/2012,1394.22998
7/08/2012,1401.349976
8/08/2012,1402.219971
9/08/2012,1402.800049
10/08/2012,1405.869995
13/08/2012,1404.109985
14/08/2012,1403.930054
15/08/2012,1405.530029
16/08/2012,1415.51001
17/08/2012,1418.160034
20/08/2012,1418.130005
21/08/2012,1413.170044
22/08/2012,1413.48999
23/08/2012,1402.079956
24/08/2012,1411.130005
27/08/2012,1410.439941
28/08/2012,1409.300049
29/08/2012,1410.48999
30/08/2012,1399.47998
31/08/2012,1406.579956
4/09/2012,1404.939941
5/09/2012,1403.439941
6/09/2012,1432.119995
7/09/2012,1437.920044
10/09/2012,1429.079956
11/09/2012,1433.560059
12/09/2012,1436.560059
13/09/2012,1459.98999
14/09/2012,1465.77002
17/09/2012,1461.189941
18/09/2012,1459.319946
19/09/2012,1461.050049
20/09/2012,1460.26001
21/09/2012,1460.150024
24/09/2012,1456.890015
25/09/2012,1441.589966
26/09/2012,1433.319946
27/09/2012,1447.150024
28/09/2012,1440.670044
1/10/2012,1444.48999
2/10/2012,1445.75
3/10/2012,1450.98999
4/10/2012,1461.400024
5/10/2012,1460.930054
8/10/2012,1455.880005
9/10/2012,1441.47998
10/10/2012,1432.560059
11/10/2012,1432.839966
12/10/2012,1428.589966
15/10/2012,1440.130005
16/10/2012,1454.920044
17/10/2012,1460.910034
18/10/2012,1457.339966
19/10/2012,1433.189941
22/10/2012,1433.819946
23/10/2012,1413.109985
24/10/2012,1408.75
25/10/2012,1412.969971
26/10/2012,1411.939941
31/10/2012,1412.160034
1/11/2012,1427.589966
2/11/2012,1414.199951
5/11/2012,1417.26001
6/11/2012,1428.390015
7/11/2012,1394.530029
8/11/2012,1377.51001
9/11/2012,1379.849976
12/11/2012,1380.030029
13/11/2012,1374.530029
14/11/2012,1355.48999
15/11/2012,1353.329956
16/11/2012,1359.880005
19/11/2012,1386.890015
20/11/2012,1387.810059
21/11/2012,1391.030029
23/11/2012,1409.150024
26/11/2012,1406.290039
27/11/2012,1398.939941
28/11/2012,1409.930054
29/11/2012,1415.949951
30/11/2012,1416.180054
3/12/2012,1409.459961
4/12/2012,1407.050049
5/12/2012,1409.280029
6/12/2012,1413.939941
7/12/2012,1418.069946
10/12/2012,1418.550049
11/12/2012,1427.839966
12/12/2012,1428.47998
13/12/2012,1419.449951
14/12/2012,1413.579956
17/12/2012,1430.359985
18/12/2012,1446.790039
19/12/2012,1435.810059
20/12/2012,1443.689941
21/12/2012,1430.150024
24/12/2012,1426.660034
26/12/2012,1419.829956
27/12/2012,1418.099976
28/12/2012,1402.430054
31/12/2012,1426.189941
2/01/2013,1462.420044
3/01/2013,1459.369995
4/01/2013,1466.469971
7/01/2013,1461.890015
8/01/2013,1457.150024
9/01/2013,1461.02002
10/01/2013,1472.119995
11/01/2013,1472.050049
14/01/2013,1470.680054
15/01/2013,1472.339966
16/01/2013,1472.630005
17/01/2013,1480.939941
18/01/2013,1485.97998
22/01/2013,1492.560059
23/01/2013,1494.810059
24/01/2013,1494.819946
25/01/2013,1502.959961
28/01/2013,1500.180054
29/01/2013,1507.839966
30/01/2013,1501.959961
31/01/2013,1498.109985
1/02/2013,1513.170044
4/02/2013,1495.709961
5/02/2013,1511.290039
6/02/2013,1512.119995
7/02/2013,1509.390015
8/02/2013,1517.930054
11/02/2013,1517.01001
12/02/2013,1519.430054
13/02/2013,1520.329956
14/02/2013,1521.380005
15/02/2013,1519.790039
19/02/2013,1530.939941
20/02/2013,1511.949951
21/02/2013,1502.420044
22/02/2013,1515.599976
25/02/2013,1487.849976
26/02/2013,1496.939941
27/02/2013,1515.98999
28/02/2013,1514.680054
1/03/2013,1518.199951
4/03/2013,1525.199951
5/03/2013,1539.790039
6/03/2013,1541.459961
7/03/2013,1544.26001
8/03/2013,1551.180054
11/03/2013,1556.219971
12/03/2013,1552.47998
13/03/2013,1554.52002
14/03/2013,1563.22998
15/03/2013,1560.699951
18/03/2013,1552.099976
19/03/2013,1548.339966
20/03/2013,1558.709961
21/03/2013,1545.800049
22/03/2013,1556.890015
25/03/2013,1551.689941
26/03/2013,1563.77002
27/03/2013,1562.849976
28/03/2013,1569.189941
1/04/2013,1562.170044
2/04/2013,1570.25
3/04/2013,1553.689941
4/04/2013,1559.97998
5/04/2013,1553.280029
8/04/2013,1563.069946
9/04/2013,1568.609985
10/04/2013,1587.72998
11/04/2013,1593.369995
12/04/2013,1588.849976
15/04/2013,1552.359985
16/04/2013,1574.569946
17/04/2013,1552.01001
18/04/2013,1541.609985
19/04/2013,1555.25
22/04/2013,1562.5
23/04/2013,1578.780029
24/04/2013,1578.790039
25/04/2013,1585.160034
26/04/2013,1582.23999
29/04/2013,1593.609985
30/04/2013,1597.569946
1/05/2013,1582.699951
2/05/2013,1597.589966
3/05/2013,1614.420044
6/05/2013,1617.5
7/05/2013,1625.959961
8/05/2013,1632.689941
9/05/2013,1626.670044
10/05/2013,1633.699951
13/05/2013,1633.77002
14/05/2013,1650.339966
15/05/2013,1658.780029
16/05/2013,1650.469971
17/05/2013,1667.469971
20/05/2013,1666.290039
21/05/2013,1669.160034
22/05/2013,1655.349976
23/05/2013,1650.51001
24/05/2013,1649.599976
28/05/2013,1660.060059
29/05/2013,1648.359985
30/05/2013,1654.410034
31/05/2013,1630.73999
3/06/2013,1640.420044
4/06/2013,1631.380005
5/06/2013,1608.900024
6/06/2013,1622.560059
7/06/2013,1643.380005
10/06/2013,1642.810059
11/06/2013,1626.130005
12/06/2013,1612.52002
13/06/2013,1636.359985
14/06/2013,1626.72998
17/06/2013,1639.040039
18/06/2013,1651.810059
19/06/2013,1628.930054
20/06/2013,1588.189941
21/06/2013,1592.430054
24/06/2013,1573.089966
25/06/2013,1588.030029
26/06/2013,1603.26001
27/06/2013,1613.199951
28/06/2013,1606.280029
1/07/2013,1614.959961
2/07/2013,1614.079956
3/07/2013,1615.410034
5/07/2013,1631.890015
8/07/2013,1640.459961
9/07/2013,1652.319946
10/07/2013,1652.619995
11/07/2013,1675.02002
12/07/2013,1680.189941
15/07/2013,1682.5
16/07/2013,1676.26001
17/07/2013,1680.910034
18/07/2013,1689.369995
19/07/2013,1692.089966
22/07/2013,1695.530029
23/07/2013,1692.390015
24/07/2013,1685.939941
25/07/2013,1690.25
26/07/2013,1691.650024
29/07/2013,1685.329956
30/07/2013,1685.959961
31/07/2013,1685.72998
1/08/2013,1706.869995
2/08/2013,1709.670044
5/08/2013,1707.140015
6/08/2013,1697.369995
7/08/2013,1690.910034
8/08/2013,1697.47998
9/08/2013,1691.420044
12/08/2013,1689.469971
13/08/2013,1694.160034
14/08/2013,1685.390015
15/08/2013,1661.319946
16/08/2013,1655.829956
19/08/2013,1646.060059
20/08/2013,1652.349976
21/08/2013,1642.800049
22/08/2013,1656.959961
23/08/2013,1663.5
26/08/2013,1656.780029
27/08/2013,1630.47998
28/08/2013,1634.959961
29/08/2013,1638.170044
30/08/2013,1632.969971
3/09/2013,1639.77002
4/09/2013,1653.079956
5/09/2013,1655.079956
6/09/2013,1655.170044
9/09/2013,1671.709961
10/09/2013,1683.98999
11/09/2013,1689.130005
12/09/2013,1683.420044
13/09/2013,1687.98999
16/09/2013,1697.599976
17/09/2013,1704.76001
18/09/2013,1725.52002
19/09/2013,1722.339966
20/09/2013,1709.910034
23/09/2013,1701.839966
24/09/2013,1697.420044
25/09/2013,1692.77002
26/09/2013,1698.670044
27/09/2013,1691.75
30/09/2013,1681.550049
1/10/2013,1695
2/10/2013,1693.869995
3/10/2013,1678.660034
4/10/2013,1690.5
7/10/2013,1676.119995
8/10/2013,1655.449951
9/10/2013,1656.400024
10/10/2013,1692.560059
11/10/2013,1703.199951
14/10/2013,1710.140015
15/10/2013,1698.060059
16/10/2013,1721.540039
17/10/2013,1733.150024
18/10/2013,1744.5
21/10/2013,1744.660034
22/10/2013,1754.670044
23/10/2013,1746.380005
24/10/2013,1752.069946
25/10/2013,1759.77002
28/10/2013,1762.109985
29/10/2013,1771.949951
30/10/2013,1763.310059
31/10/2013,1756.540039
1/11/2013,1761.640015
4/11/2013,1767.930054
5/11/2013,1762.969971
6/11/2013,1770.48999
7/11/2013,1747.150024
8/11/2013,1770.609985
11/11/2013,1771.890015
12/11/2013,1767.689941
13/11/2013,1782
14/11/2013,1790.619995
15/11/2013,1798.180054
18/11/2013,1791.530029
19/11/2013,1787.869995
20/11/2013,1781.369995
21/11/2013,1795.849976
22/11/2013,1804.76001
25/11/2013,1802.47998
26/11/2013,1802.75
27/11/2013,1807.22998
29/11/2013,1805.810059
2/12/2013,1800.900024
3/12/2013,1795.150024
4/12/2013,1792.810059
5/12/2013,1785.030029
6/12/2013,1805.089966
9/12/2013,1808.369995
10/12/2013,1802.619995
11/12/2013,1782.219971
12/12/2013,1775.5
13/12/2013,1775.319946
16/12/2013,1786.540039
17/12/2013,1781
18/12/2013,1810.650024
19/12/2013,1809.599976
20/12/2013,1818.319946
23/12/2013,1827.98999
24/12/2013,1833.319946
26/12/2013,1842.02002
27/12/2013,1841.400024
30/12/2013,1841.069946
31/12/2013,1848.359985
2/01/2014,1831.97998
3/01/2014,1831.369995
6/01/2014,1826.77002
7/01/2014,1837.880005
8/01/2014,1837.48999
9/01/2014,1838.130005
10/01/2014,1842.369995
13/01/2014,1819.199951
14/01/2014,1838.880005
15/01/2014,1848.380005
16/01/2014,1845.890015
17/01/2014,1838.699951
21/01/2014,1843.800049
22/01/2014,1844.859985
23/01/2014,1828.459961
24/01/2014,1790.290039
27/01/2014,1781.560059
28/01/2014,1792.5
29/01/2014,1774.199951
30/01/2014,1794.189941
31/01/2014,1782.589966
3/02/2014,1741.890015
4/02/2014,1755.199951
5/02/2014,1751.640015
6/02/2014,1773.430054
7/02/2014,1797.02002
10/02/2014,1799.839966
11/02/2014,1819.75
12/02/2014,1819.26001
13/02/2014,1829.829956
14/02/2014,1838.630005
18/02/2014,1840.76001
19/02/2014,1828.75
20/02/2014,1839.780029
21/02/2014,1836.25
24/02/2014,1847.609985
25/02/2014,1845.119995
26/02/2014,1845.160034
27/02/2014,1854.290039
28/02/2014,1859.449951
3/03/2014,1845.72998
4/03/2014,1873.910034
5/03/2014,1873.810059
6/03/2014,1877.030029
7/03/2014,1878.040039
10/03/2014,1877.170044
11/03/2014,1867.630005
12/03/2014,1868.199951
13/03/2014,1846.339966
14/03/2014,1841.130005
17/03/2014,1858.829956
18/03/2014,1872.25
19/03/2014,1860.77002
20/03/2014,1872.01001
21/03/2014,1866.52002
24/03/2014,1857.439941
25/03/2014,1865.619995
26/03/2014,1852.560059
27/03/2014,1849.040039
28/03/2014,1857.619995
31/03/2014,1872.339966
1/04/2014,1885.52002
2/04/2014,1890.900024
3/04/2014,1888.77002
4/04/2014,1865.089966
7/04/2014,1845.040039
8/04/2014,1851.959961
9/04/2014,1872.180054
10/04/2014,1833.079956
11/04/2014,1815.689941
14/04/2014,1830.609985
15/04/2014,1842.97998
16/04/2014,1862.310059
17/04/2014,1864.849976
21/04/2014,1871.890015
22/04/2014,1879.550049
23/04/2014,1875.390015
24/04/2014,1878.609985
25/04/2014,1863.400024
28/04/2014,1869.430054
29/04/2014,1878.329956
30/04/2014,1883.949951
1/05/2014,1883.680054
2/05/2014,1881.140015
5/05/2014,1884.660034
6/05/2014,1867.719971
7/05/2014,1878.209961
8/05/2014,1875.630005
9/05/2014,1878.47998
12/05/2014,1896.650024
13/05/2014,1897.449951
14/05/2014,1888.530029
15/05/2014,1870.849976
16/05/2014,1877.859985
19/05/2014,1885.079956
20/05/2014,1872.829956
21/05/2014,1888.030029
22/05/2014,1892.48999
23/05/2014,1900.530029
27/05/2014,1911.910034
28/05/2014,1909.780029
29/05/2014,1920.030029
30/05/2014,1923.569946
2/06/2014,1924.969971
3/06/2014,1924.23999
4/06/2014,1927.880005
5/06/2014,1940.459961
6/06/2014,1949.439941
9/06/2014,1951.27002
10/06/2014,1950.790039
11/06/2014,1943.890015
12/06/2014,1930.109985
13/06/2014,1936.160034
16/06/2014,1937.780029
17/06/2014,1941.98999
18/06/2014,1956.97998
19/06/2014,1959.47998
20/06/2014,1962.869995
23/06/2014,1962.609985
24/06/2014,1949.97998
25/06/2014,1959.530029
26/06/2014,1957.219971
27/06/2014,1960.959961
30/06/2014,1960.22998
1/07/2014,1973.319946
2/07/2014,1974.619995
3/07/2014,1985.439941
7/07/2014,1977.650024
8/07/2014,1963.709961
9/07/2014,1972.829956
10/07/2014,1964.680054
11/07/2014,1967.569946
14/07/2014,1977.099976
15/07/2014,1973.280029
16/07/2014,1981.569946
17/07/2014,1958.119995
18/07/2014,1978.219971
21/07/2014,1973.630005
22/07/2014,1983.530029
23/07/2014,1987.01001
24/07/2014,1987.97998
25/07/2014,1978.339966
28/07/2014,1978.910034
29/07/2014,1969.949951
30/07/2014,1970.069946
31/07/2014,1930.670044
1/08/2014,1925.150024
4/08/2014,1938.98999
5/08/2014,1920.209961
6/08/2014,1920.23999
7/08/2014,1909.569946
8/08/2014,1931.589966
11/08/2014,1936.920044
12/08/2014,1933.75
13/08/2014,1946.719971
14/08/2014,1955.180054
15/08/2014,1955.060059
18/08/2014,1971.73999
19/08/2014,1981.599976
20/08/2014,1986.51001
21/08/2014,1992.369995
22/08/2014,1988.400024
25/08/2014,1997.920044
26/08/2014,2000.02002
27/08/2014,2000.119995
28/08/2014,1996.73999
29/08/2014,2003.369995
2/09/2014,2002.280029
3/09/2014,2000.719971
4/09/2014,1997.650024
5/09/2014,2007.709961
8/09/2014,2001.540039
9/09/2014,1988.439941
10/09/2014,1995.689941
11/09/2014,1997.449951
12/09/2014,1985.540039
15/09/2014,1984.130005
16/09/2014,1998.97998
17/09/2014,2001.569946
18/09/2014,2011.359985
19/09/2014,2010.400024
22/09/2014,1994.290039
23/09/2014,1982.77002
24/09/2014,1998.300049
25/09/2014,1965.98999
26/09/2014,1982.849976
29/09/2014,1977.800049
30/09/2014,1972.290039
1/10/2014,1946.160034
2/10/2014,1946.170044
3/10/2014,1967.900024
6/10/2014,1964.819946
7/10/2014,1935.099976
8/10/2014,1968.890015
9/10/2014,1928.209961
10/10/2014,1906.130005
13/10/2014,1874.73999
14/10/2014,1877.699951
15/10/2014,1862.48999
16/10/2014,1862.76001
17/10/2014,1886.76001
20/10/2014,1904.01001
21/10/2014,1941.280029
22/10/2014,1927.109985
23/10/2014,1950.819946
24/10/2014,1964.579956
27/10/2014,1961.630005
28/10/2014,1985.050049
29/10/2014,1982.300049
30/10/2014,1994.650024
31/10/2014,2018.050049
3/11/2014,2017.810059
4/11/2014,2012.099976
5/11/2014,2023.569946
6/11/2014,2031.209961
7/11/2014,2031.920044
10/11/2014,2038.26001
11/11/2014,2039.680054
12/11/2014,2038.25
13/11/2014,2039.329956
14/11/2014,2039.819946
17/11/2014,2041.319946
18/11/2014,2051.800049
19/11/2014,2048.719971
20/11/2014,2052.75
21/11/2014,2063.5
24/11/2014,2069.409912
25/11/2014,2067.030029
26/11/2014,2072.830078
28/11/2014,2067.560059
1/12/2014,2053.439941
2/12/2014,2066.550049
3/12/2014,2074.330078
4/12/2014,2071.919922
5/12/2014,2075.370117
8/12/2014,2060.310059
9/12/2014,2059.820068
10/12/2014,2026.140015
11/12/2014,2035.329956
12/12/2014,2002.329956
15/12/2014,1989.630005
16/12/2014,1972.73999
17/12/2014,2012.890015
18/12/2014,2061.22998
19/12/2014,2070.649902
22/12/2014,2078.540039
23/12/2014,2082.169922
24/12/2014,2081.879883
26/12/2014,2088.77002
29/12/2014,2090.570068
30/12/2014,2080.350098
31/12/2014,2058.899902
2/01/2015,2058.199951
5/01/2015,2020.579956
6/01/2015,2002.609985
7/01/2015,2025.900024
8/01/2015,2062.139893
9/01/2015,2044.810059
12/01/2015,2028.26001
13/01/2015,2023.030029
14/01/2015,2011.27002
15/01/2015,1992.670044
16/01/2015,2019.420044
20/01/2015,2022.550049
21/01/2015,2032.119995
22/01/2015,2063.149902
23/01/2015,2051.820068
26/01/2015,2057.090088
27/01/2015,2029.550049
28/01/2015,2002.160034
29/01/2015,2021.25
30/01/2015,1994.98999
2/02/2015,2020.849976
3/02/2015,2050.030029
4/02/2015,2041.51001
5/02/2015,2062.52002
6/02/2015,2055.469971
9/02/2015,2046.73999
10/02/2015,2068.590088
11/02/2015,2068.530029
12/02/2015,2088.47998
13/02/2015,2096.98999
17/02/2015,2100.340088
18/02/2015,2099.679932
19/02/2015,2097.449951
20/02/2015,2110.300049
23/02/2015,2109.659912
24/02/2015,2115.47998
25/02/2015,2113.860107
26/02/2015,2110.73999
27/02/2015,2104.5
2/03/2015,2117.389893
3/03/2015,2107.780029
4/03/2015,2098.530029
5/03/2015,2101.040039
6/03/2015,2071.26001
9/03/2015,2079.429932
10/03/2015,2044.160034
11/03/2015,2040.23999
12/03/2015,2065.949951
13/03/2015,2053.399902
16/03/2015,2081.189941
17/03/2015,2074.280029
18/03/2015,2099.5
19/03/2015,2089.27002
20/03/2015,2108.100098
23/03/2015,2104.419922
24/03/2015,2091.5
25/03/2015,2061.050049
26/03/2015,2056.149902
27/03/2015,2061.02002
30/03/2015,2086.23999
31/03/2015,2067.889893
1/04/2015,2059.689941
2/04/2015,2066.959961
6/04/2015,2080.620117
7/04/2015,2076.330078
8/04/2015,2081.899902
9/04/2015,2091.179932
10/04/2015,2102.060059
13/04/2015,2092.429932
14/04/2015,2095.840088
15/04/2015,2106.629883
16/04/2015,2104.98999
17/04/2015,2081.179932
20/04/2015,2100.399902
21/04/2015,2097.290039
22/04/2015,2107.959961
23/04/2015,2112.929932
24/04/2015,2117.689941
27/04/2015,2108.919922
28/04/2015,2114.76001
29/04/2015,2106.850098
30/04/2015,2085.51001
1/05/2015,2108.290039
4/05/2015,2114.48999
5/05/2015,2089.459961
6/05/2015,2080.149902
7/05/2015,2088
8/05/2015,2116.100098
11/05/2015,2105.330078
12/05/2015,2099.120117
13/05/2015,2098.47998
14/05/2015,2121.100098
15/05/2015,2122.72998
18/05/2015,2129.199951
19/05/2015,2127.830078
20/05/2015,2125.850098
21/05/2015,2130.820068
22/05/2015,2126.060059
26/05/2015,2104.199951
27/05/2015,2123.47998
28/05/2015,2120.790039
29/05/2015,2107.389893
1/06/2015,2111.72998
2/06/2015,2109.600098
3/06/2015,2114.070068
4/06/2015,2095.840088
5/06/2015,2092.830078
8/06/2015,2079.280029
9/06/2015,2080.149902
10/06/2015,2105.199951
11/06/2015,2108.860107
12/06/2015,2094.110107
15/06/2015,2084.429932
16/06/2015,2096.290039
17/06/2015,2100.439941
18/06/2015,2121.23999
19/06/2015,2109.98999
22/06/2015,2122.850098
23/06/2015,2124.199951
24/06/2015,2108.580078
25/06/2015,2102.310059
26/06/2015,2101.48999
29/06/2015,2057.639893
30/06/2015,2063.110107
1/07/2015,2077.419922
2/07/2015,2076.780029
6/07/2015,2068.76001
7/07/2015,2081.340088
8/07/2015,2046.680054
9/07/2015,2051.310059
10/07/2015,2076.620117
13/07/2015,2099.600098
14/07/2015,2108.949951
15/07/2015,2107.399902
16/07/2015,2124.290039
17/07/2015,2126.639893
20/07/2015,2128.280029
21/07/2015,2119.209961
22/07/2015,2114.149902
23/07/2015,2102.149902
24/07/2015,2079.649902
27/07/2015,2067.639893
28/07/2015,2093.25
29/07/2015,2108.570068
30/07/2015,2108.629883
31/07/2015,2103.840088
3/08/2015,2098.040039
4/08/2015,2093.320068
5/08/2015,2099.840088
6/08/2015,2083.560059
7/08/2015,2077.570068
10/08/2015,2104.179932
11/08/2015,2084.070068
12/08/2015,2086.050049
13/08/2015,2083.389893
14/08/2015,2091.540039
17/08/2015,2102.439941
18/08/2015,2096.919922
19/08/2015,2079.610107
20/08/2015,2035.72998
21/08/2015,1970.890015
24/08/2015,1893.209961
25/08/2015,1867.609985
26/08/2015,1940.51001
27/08/2015,1987.660034
28/08/2015,1988.869995
31/08/2015,1972.180054
1/09/2015,1913.849976
2/09/2015,1948.859985
3/09/2015,1951.130005
4/09/2015,1921.219971
8/09/2015,1969.410034
9/09/2015,1942.040039
10/09/2015,1952.290039
11/09/2015,1961.050049
14/09/2015,1953.030029
15/09/2015,1978.089966
16/09/2015,1995.310059
17/09/2015,1990.199951
18/09/2015,1958.079956
21/09/2015,1966.969971
22/09/2015,1942.73999
23/09/2015,1938.76001
24/09/2015,1932.23999
25/09/2015,1931.339966
28/09/2015,1881.77002
29/09/2015,1884.089966
30/09/2015,1920.030029
1/10/2015,1923.819946
2/10/2015,1951.359985
5/10/2015,1987.050049
6/10/2015,1979.920044
7/10/2015,1995.829956
8/10/2015,2013.430054
9/10/2015,2014.890015
12/10/2015,2017.459961
13/10/2015,2003.689941
14/10/2015,1994.23999
15/10/2015,2023.859985
16/10/2015,2033.109985
19/10/2015,2033.660034
20/10/2015,2030.77002
21/10/2015,2018.939941
22/10/2015,2052.51001
23/10/2015,2075.149902
26/10/2015,2071.179932
27/10/2015,2065.889893
28/10/2015,2090.350098
29/10/2015,2089.409912
30/10/2015,2079.360107
